{
  "epoch": [
    1,
    2,
    3,
    4,
    5,
    6,
    7,
    8,
    9,
    10
  ],
  "train_loss": [
    1.901880741285262,
    1.724404141132875,
    1.5794588541054142,
    1.443942479802669,
    1.3119170869546708,
    1.1980716679775671,
    1.1072360159696668,
    0.9988699677264489,
    0.9117054414445448,
    0.8260542297161793
  ],
  "l_loss": [
    0.57212304134291,
    0.5199327153444802,
    0.4742731736832285,
    0.4325222663945226,
    0.3938039725805204,
    0.35933182123536733,
    0.3293577231135304,
    0.2996185824195335,
    0.2737984080406941,
    0.2497571994401949
  ],
  "ab_loss": [
    0.57212304134291,
    0.5199327153444802,
    0.4742731736832285,
    0.4325222663945226,
    0.3938039725805204,
    0.35933182123536733,
    0.3293577231135304,
    0.2996185824195335,
    0.2737984080406941,
    0.2497571994401949
  ],
  "td_loss": [
    0.3811555577357181,
    0.34618656472888387,
    0.316109529546885,
    0.2884582571873948,
    0.26249784063799375,
    0.23956949401656202,
    0.22004066235524855,
    0.19975278959608925,
    0.1824844760925743,
    0.1661813112059064
  ],
  "sd_loss": [
    0.3811555577357181,
    0.34618656472888387,
    0.316109529546885,
    0.2884582571873948,
    0.26249784063799375,
    0.23956949401656202,
    0.22004066235524855,
    0.19975278959608925,
    0.1824844760925743,
    0.1661813112059064
  ],
  "learning_rate": [
    0.01,
    0.01,
    0.005,
    0.005,
    0.005,
    0.0025,
    0.0025,
    0.0025,
    0.00125,
    0.00125
  ],
  "batch_time": [
    0.5244063362508813,
    0.47005367055328406,
    0.5033630910888282,
    0.49865759094545753,
    0.5122531229478626,
    0.5082933644554194,
    0.504785838569519,
    0.506484097239259,
    0.47098666719058324,
    0.5154549299534417
  ],
  "data_time": [
    0.09776583475926945,
    0.09911324916654386,
    0.1048028336103302,
    0.10061570156165582,
    0.09742986943690493,
    0.10062152192318247,
    0.10001537113061143,
    0.09977545282727288,
    0.09666371605516641,
    0.10060752526870079
  ],
  "gpu_memory": [
    0,
    0,
    0,
    0,
    0,
    0,
    0,
    0,
    0,
    0
  ],
  "gpu_utilization": [
    0,
    0,
    0,
    0,
    0,
    0,
    0,
    0,
    0,
    0
  ],
  "cpu_percent": [
    6.4,
    1.8,
    6.6,
    5.9,
    6.1,
    6.0,
    5.7,
    7.1,
    7.0,
    6.7
  ],
  "ram_percent": [
    21.1,
    20.9,
    22.1,
    21.9,
    21.7,
    21.9,
    21.9,
    22.0,
    22.1,
    23.0
  ],
  "timestamp": [
    "2025-08-03T22:24:36.427696",
    "2025-08-03T22:24:37.035846",
    "2025-08-03T22:24:41.034594",
    "2025-08-03T22:24:45.126005",
    "2025-08-03T22:24:49.217893",
    "2025-08-03T22:24:53.401356",
    "2025-08-03T22:24:57.177688",
    "2025-08-03T22:25:01.173639",
    "2025-08-03T22:25:05.277062",
    "2025-08-03T22:25:09.399286"
  ]
}